Name,Title,Class,Source,Extensions
objective,Active target objective summary,ca.spatial.patchworks.ShortageReport,Target table,html;csv
shortage,Active target shortage summary,ca.spatial.patchworks.ShortageReport,Target table,html;csv
Bike1_GrowingStock,Targets for Bike1_GrowingStock,ca.spatial.reportwriter.TargetLimitReport,Target table,html;csv;png
Bike1_HarvestVolume,Targets for Bike1_HarvestVolume,ca.spatial.reportwriter.TargetLimitReport,Target table,html;csv;png
Bike2_GrowingStock,Targets for Bike2_GrowingStock,ca.spatial.reportwriter.TargetLimitReport,Target table,html;csv;png
Bike2_HarvestVolume,Targets for Bike2_HarvestVolume,ca.spatial.reportwriter.TargetLimitReport,Target table,html;csv;png
Bike3_GrowingStock,Targets for Bike3_GrowingStock,ca.spatial.reportwriter.TargetLimitReport,Target table,html;csv;png
Bike3_HarvestVolume,Targets for Bike3_HarvestVolume,ca.spatial.reportwriter.TargetLimitReport,Target table,html;csv;png
BikeTotal_GrowingStock,Targets for BikeTotal_GrowingStock,ca.spatial.reportwriter.TargetLimitReport,Target table,html;csv;png
BikeTotal_HarvestVolume,Targets for BikeTotal_HarvestVolume,ca.spatial.reportwriter.TargetLimitReport,Target table,html;csv;png
Camp1_GrowingStock,Targets for Camp1_GrowingStock,ca.spatial.reportwriter.TargetLimitReport,Target table,html;csv;png
Camp1_HarvestVolume,Targets for Camp1_HarvestVolume,ca.spatial.reportwriter.TargetLimitReport,Target table,html;csv;png
Camp2_GrowingStock,Targets for Camp2_GrowingStock,ca.spatial.reportwriter.TargetLimitReport,Target table,html;csv;png
Camp2_HarvestVolume,Targets for Camp2_HarvestVolume,ca.spatial.reportwriter.TargetLimitReport,Target table,html;csv;png
Camp3_GrowingStock,Targets for Camp3_GrowingStock,ca.spatial.reportwriter.TargetLimitReport,Target table,html;csv;png
Camp3_HarvestVolume,Targets for Camp3_HarvestVolume,ca.spatial.reportwriter.TargetLimitReport,Target table,html;csv;png
CampTotal_GrowingStock,Targets for CampTotal_GrowingStock,ca.spatial.reportwriter.TargetLimitReport,Target table,html;csv;png
CampTotal_HarvestVolume,Targets for CampTotal_HarvestVolume,ca.spatial.reportwriter.TargetLimitReport,Target table,html;csv;png
ECO1_GrowingStock,Targets for ECO1_GrowingStock,ca.spatial.reportwriter.TargetLimitReport,Target table,html;csv;png
ECO1_HarvestVolume,Targets for ECO1_HarvestVolume,ca.spatial.reportwriter.TargetLimitReport,Target table,html;csv;png
ECO2_GrowingStock,Targets for ECO2_GrowingStock,ca.spatial.reportwriter.TargetLimitReport,Target table,html;csv;png
ECO2_HarvestVolume,Targets for ECO2_HarvestVolume,ca.spatial.reportwriter.TargetLimitReport,Target table,html;csv;png
ECO3_GrowingStock,Targets for ECO3_GrowingStock,ca.spatial.reportwriter.TargetLimitReport,Target table,html;csv;png
ECO3_HarvestVolume,Targets for ECO3_HarvestVolume,ca.spatial.reportwriter.TargetLimitReport,Target table,html;csv;png
EcoTotal_GrowingStock,Targets for EcoTotal_GrowingStock,ca.spatial.reportwriter.TargetLimitReport,Target table,html;csv;png
EcoTotal_HarvestVolume,Targets for EcoTotal_HarvestVolume,ca.spatial.reportwriter.TargetLimitReport,Target table,html;csv;png
Hike1_GrowingStock,Targets for Hike1_GrowingStock,ca.spatial.reportwriter.TargetLimitReport,Target table,html;csv;png
Hike1_HarvestVolume,Targets for Hike1_HarvestVolume,ca.spatial.reportwriter.TargetLimitReport,Target table,html;csv;png
Hike2_GrowingStock,Targets for Hike2_GrowingStock,ca.spatial.reportwriter.TargetLimitReport,Target table,html;csv;png
Hike2_HarvestVolume,Targets for Hike2_HarvestVolume,ca.spatial.reportwriter.TargetLimitReport,Target table,html;csv;png
Hike3_GrowingStock,Targets for Hike3_GrowingStock,ca.spatial.reportwriter.TargetLimitReport,Target table,html;csv;png
Hike3_HarvestVolume,Targets for Hike3_HarvestVolume,ca.spatial.reportwriter.TargetLimitReport,Target table,html;csv;png
HikeTotal_GrowingStock,Targets for HikeTotal_GrowingStock,ca.spatial.reportwriter.TargetLimitReport,Target table,html;csv;png
HikeTotal_HarvestVolume,Targets for HikeTotal_HarvestVolume,ca.spatial.reportwriter.TargetLimitReport,Target table,html;csv;png
feature_Area_managed,Targets for feature.Area.managed,ca.spatial.reportwriter.TargetLimitReport,Target table,html;csv;png
feature_Area_og1_CWHvm_CW_HW_M,Targets for feature.Area.og1.CWHvm_CW_HW_M,ca.spatial.reportwriter.TargetLimitReport,Target table,html;csv;png
feature_Area_og1_CWHvm_CW_PLC_M,Targets for feature.Area.og1.CWHvm_CW_PLC_M,ca.spatial.reportwriter.TargetLimitReport,Target table,html;csv;png
feature_Area_og1_CWHvm_CW_YC_M,Targets for feature.Area.og1.CWHvm_CW_YC_M,ca.spatial.reportwriter.TargetLimitReport,Target table,html;csv;png
feature_Area_og1_CWHvm_DR_HW_M,Targets for feature.Area.og1.CWHvm_DR_HW_M,ca.spatial.reportwriter.TargetLimitReport,Target table,html;csv;png
feature_Area_og1_CWHvm_FDC_HW_H,Targets for feature.Area.og1.CWHvm_FDC_HW_H,ca.spatial.reportwriter.TargetLimitReport,Target table,html;csv;png
feature_Area_og1_CWHvm_FDC_HW_L,Targets for feature.Area.og1.CWHvm_FDC_HW_L,ca.spatial.reportwriter.TargetLimitReport,Target table,html;csv;png
feature_Area_og1_CWHvm_FDC_HW_M,Targets for feature.Area.og1.CWHvm_FDC_HW_M,ca.spatial.reportwriter.TargetLimitReport,Target table,html;csv;png
feature_Area_og1_CWHvm_HW_BA_M,Targets for feature.Area.og1.CWHvm_HW_BA_M,ca.spatial.reportwriter.TargetLimitReport,Target table,html;csv;png
feature_Area_og1_CWHvm_HW_CW_H,Targets for feature.Area.og1.CWHvm_HW_CW_H,ca.spatial.reportwriter.TargetLimitReport,Target table,html;csv;png
feature_Area_og1_CWHvm_HW_CW_L,Targets for feature.Area.og1.CWHvm_HW_CW_L,ca.spatial.reportwriter.TargetLimitReport,Target table,html;csv;png
feature_Area_og1_CWHvm_HW_CW_M,Targets for feature.Area.og1.CWHvm_HW_CW_M,ca.spatial.reportwriter.TargetLimitReport,Target table,html;csv;png
feature_Area_og1_CWHvm_HW_FDC_H,Targets for feature.Area.og1.CWHvm_HW_FDC_H,ca.spatial.reportwriter.TargetLimitReport,Target table,html;csv;png
feature_Area_og1_CWHvm_HW_FDC_L,Targets for feature.Area.og1.CWHvm_HW_FDC_L,ca.spatial.reportwriter.TargetLimitReport,Target table,html;csv;png
feature_Area_og1_CWHvm_HW_SS_M,Targets for feature.Area.og1.CWHvm_HW_SS_M,ca.spatial.reportwriter.TargetLimitReport,Target table,html;csv;png
feature_Area_og1_total,Targets for feature.Area.og1.total,ca.spatial.reportwriter.TargetLimitReport,Target table,html;csv;png
feature_Area_og2_CWHvm_CW_HW_M,Targets for feature.Area.og2.CWHvm_CW_HW_M,ca.spatial.reportwriter.TargetLimitReport,Target table,html;csv;png
feature_Area_og2_CWHvm_CW_PLC_M,Targets for feature.Area.og2.CWHvm_CW_PLC_M,ca.spatial.reportwriter.TargetLimitReport,Target table,html;csv;png
feature_Area_og2_CWHvm_CW_YC_M,Targets for feature.Area.og2.CWHvm_CW_YC_M,ca.spatial.reportwriter.TargetLimitReport,Target table,html;csv;png
feature_Area_og2_CWHvm_DR_HW_M,Targets for feature.Area.og2.CWHvm_DR_HW_M,ca.spatial.reportwriter.TargetLimitReport,Target table,html;csv;png
feature_Area_og2_CWHvm_FDC_HW_H,Targets for feature.Area.og2.CWHvm_FDC_HW_H,ca.spatial.reportwriter.TargetLimitReport,Target table,html;csv;png
feature_Area_og2_CWHvm_FDC_HW_L,Targets for feature.Area.og2.CWHvm_FDC_HW_L,ca.spatial.reportwriter.TargetLimitReport,Target table,html;csv;png
feature_Area_og2_CWHvm_FDC_HW_M,Targets for feature.Area.og2.CWHvm_FDC_HW_M,ca.spatial.reportwriter.TargetLimitReport,Target table,html;csv;png
feature_Area_og2_CWHvm_HW_BA_M,Targets for feature.Area.og2.CWHvm_HW_BA_M,ca.spatial.reportwriter.TargetLimitReport,Target table,html;csv;png
feature_Area_og2_CWHvm_HW_CW_H,Targets for feature.Area.og2.CWHvm_HW_CW_H,ca.spatial.reportwriter.TargetLimitReport,Target table,html;csv;png
feature_Area_og2_CWHvm_HW_CW_L,Targets for feature.Area.og2.CWHvm_HW_CW_L,ca.spatial.reportwriter.TargetLimitReport,Target table,html;csv;png
feature_Area_og2_CWHvm_HW_CW_M,Targets for feature.Area.og2.CWHvm_HW_CW_M,ca.spatial.reportwriter.TargetLimitReport,Target table,html;csv;png
feature_Area_og2_CWHvm_HW_FDC_H,Targets for feature.Area.og2.CWHvm_HW_FDC_H,ca.spatial.reportwriter.TargetLimitReport,Target table,html;csv;png
feature_Area_og2_CWHvm_HW_FDC_L,Targets for feature.Area.og2.CWHvm_HW_FDC_L,ca.spatial.reportwriter.TargetLimitReport,Target table,html;csv;png
feature_Area_og2_CWHvm_HW_SS_M,Targets for feature.Area.og2.CWHvm_HW_SS_M,ca.spatial.reportwriter.TargetLimitReport,Target table,html;csv;png
feature_Area_og2_total,Targets for feature.Area.og2.total,ca.spatial.reportwriter.TargetLimitReport,Target table,html;csv;png
feature_Area_unmanaged,Targets for feature.Area.unmanaged,ca.spatial.reportwriter.TargetLimitReport,Target table,html;csv;png
feature_Height_managed_CWHvm_CW_HW_M,Targets for feature.Height.managed.CWHvm_CW_HW_M,ca.spatial.reportwriter.TargetLimitReport,Target table,html;csv;png
feature_Height_managed_CWHvm_DR_HW_M,Targets for feature.Height.managed.CWHvm_DR_HW_M,ca.spatial.reportwriter.TargetLimitReport,Target table,html;csv;png
feature_Height_managed_CWHvm_FDC_HW_H,Targets for feature.Height.managed.CWHvm_FDC_HW_H,ca.spatial.reportwriter.TargetLimitReport,Target table,html;csv;png
feature_Height_managed_CWHvm_FDC_HW_L,Targets for feature.Height.managed.CWHvm_FDC_HW_L,ca.spatial.reportwriter.TargetLimitReport,Target table,html;csv;png
feature_Height_managed_CWHvm_FDC_HW_M,Targets for feature.Height.managed.CWHvm_FDC_HW_M,ca.spatial.reportwriter.TargetLimitReport,Target table,html;csv;png
feature_Height_managed_CWHvm_HW_BA_M,Targets for feature.Height.managed.CWHvm_HW_BA_M,ca.spatial.reportwriter.TargetLimitReport,Target table,html;csv;png
feature_Height_managed_CWHvm_HW_CW_H,Targets for feature.Height.managed.CWHvm_HW_CW_H,ca.spatial.reportwriter.TargetLimitReport,Target table,html;csv;png
feature_Height_managed_CWHvm_HW_CW_L,Targets for feature.Height.managed.CWHvm_HW_CW_L,ca.spatial.reportwriter.TargetLimitReport,Target table,html;csv;png
feature_Height_managed_CWHvm_HW_CW_M,Targets for feature.Height.managed.CWHvm_HW_CW_M,ca.spatial.reportwriter.TargetLimitReport,Target table,html;csv;png
feature_Height_managed_CWHvm_HW_FDC_H,Targets for feature.Height.managed.CWHvm_HW_FDC_H,ca.spatial.reportwriter.TargetLimitReport,Target table,html;csv;png
feature_Height_managed_CWHvm_HW_FDC_L,Targets for feature.Height.managed.CWHvm_HW_FDC_L,ca.spatial.reportwriter.TargetLimitReport,Target table,html;csv;png
feature_Height_managed_CWHvm_HW_SS_M,Targets for feature.Height.managed.CWHvm_HW_SS_M,ca.spatial.reportwriter.TargetLimitReport,Target table,html;csv;png
feature_Height_unmanaged_CWHvm_CW_HW_M,Targets for feature.Height.unmanaged.CWHvm_CW_HW_M,ca.spatial.reportwriter.TargetLimitReport,Target table,html;csv;png
feature_Height_unmanaged_CWHvm_CW_PLC_M,Targets for feature.Height.unmanaged.CWHvm_CW_PLC_M,ca.spatial.reportwriter.TargetLimitReport,Target table,html;csv;png
feature_Height_unmanaged_CWHvm_CW_YC_M,Targets for feature.Height.unmanaged.CWHvm_CW_YC_M,ca.spatial.reportwriter.TargetLimitReport,Target table,html;csv;png
feature_Height_unmanaged_CWHvm_DR_HW_M,Targets for feature.Height.unmanaged.CWHvm_DR_HW_M,ca.spatial.reportwriter.TargetLimitReport,Target table,html;csv;png
feature_Height_unmanaged_CWHvm_FDC_HW_H,Targets for feature.Height.unmanaged.CWHvm_FDC_HW_H,ca.spatial.reportwriter.TargetLimitReport,Target table,html;csv;png
feature_Height_unmanaged_CWHvm_FDC_HW_L,Targets for feature.Height.unmanaged.CWHvm_FDC_HW_L,ca.spatial.reportwriter.TargetLimitReport,Target table,html;csv;png
feature_Height_unmanaged_CWHvm_FDC_HW_M,Targets for feature.Height.unmanaged.CWHvm_FDC_HW_M,ca.spatial.reportwriter.TargetLimitReport,Target table,html;csv;png
feature_Height_unmanaged_CWHvm_HW_BA_M,Targets for feature.Height.unmanaged.CWHvm_HW_BA_M,ca.spatial.reportwriter.TargetLimitReport,Target table,html;csv;png
feature_Height_unmanaged_CWHvm_HW_CW_H,Targets for feature.Height.unmanaged.CWHvm_HW_CW_H,ca.spatial.reportwriter.TargetLimitReport,Target table,html;csv;png
feature_Height_unmanaged_CWHvm_HW_CW_L,Targets for feature.Height.unmanaged.CWHvm_HW_CW_L,ca.spatial.reportwriter.TargetLimitReport,Target table,html;csv;png
feature_Height_unmanaged_CWHvm_HW_CW_M,Targets for feature.Height.unmanaged.CWHvm_HW_CW_M,ca.spatial.reportwriter.TargetLimitReport,Target table,html;csv;png
feature_Height_unmanaged_CWHvm_HW_FDC_H,Targets for feature.Height.unmanaged.CWHvm_HW_FDC_H,ca.spatial.reportwriter.TargetLimitReport,Target table,html;csv;png
feature_Height_unmanaged_CWHvm_HW_FDC_L,Targets for feature.Height.unmanaged.CWHvm_HW_FDC_L,ca.spatial.reportwriter.TargetLimitReport,Target table,html;csv;png
feature_Height_unmanaged_CWHvm_HW_SS_M,Targets for feature.Height.unmanaged.CWHvm_HW_SS_M,ca.spatial.reportwriter.TargetLimitReport,Target table,html;csv;png
feature_QMD_managed_CWHvm_CW_HW_M,Targets for feature.QMD.managed.CWHvm_CW_HW_M,ca.spatial.reportwriter.TargetLimitReport,Target table,html;csv;png
feature_QMD_managed_CWHvm_DR_HW_M,Targets for feature.QMD.managed.CWHvm_DR_HW_M,ca.spatial.reportwriter.TargetLimitReport,Target table,html;csv;png
feature_QMD_managed_CWHvm_FDC_HW_H,Targets for feature.QMD.managed.CWHvm_FDC_HW_H,ca.spatial.reportwriter.TargetLimitReport,Target table,html;csv;png
feature_QMD_managed_CWHvm_FDC_HW_L,Targets for feature.QMD.managed.CWHvm_FDC_HW_L,ca.spatial.reportwriter.TargetLimitReport,Target table,html;csv;png
feature_QMD_managed_CWHvm_FDC_HW_M,Targets for feature.QMD.managed.CWHvm_FDC_HW_M,ca.spatial.reportwriter.TargetLimitReport,Target table,html;csv;png
feature_QMD_managed_CWHvm_HW_BA_M,Targets for feature.QMD.managed.CWHvm_HW_BA_M,ca.spatial.reportwriter.TargetLimitReport,Target table,html;csv;png
feature_QMD_managed_CWHvm_HW_CW_H,Targets for feature.QMD.managed.CWHvm_HW_CW_H,ca.spatial.reportwriter.TargetLimitReport,Target table,html;csv;png
feature_QMD_managed_CWHvm_HW_CW_L,Targets for feature.QMD.managed.CWHvm_HW_CW_L,ca.spatial.reportwriter.TargetLimitReport,Target table,html;csv;png
feature_QMD_managed_CWHvm_HW_CW_M,Targets for feature.QMD.managed.CWHvm_HW_CW_M,ca.spatial.reportwriter.TargetLimitReport,Target table,html;csv;png
feature_QMD_managed_CWHvm_HW_FDC_H,Targets for feature.QMD.managed.CWHvm_HW_FDC_H,ca.spatial.reportwriter.TargetLimitReport,Target table,html;csv;png
feature_QMD_managed_CWHvm_HW_FDC_L,Targets for feature.QMD.managed.CWHvm_HW_FDC_L,ca.spatial.reportwriter.TargetLimitReport,Target table,html;csv;png
feature_QMD_managed_CWHvm_HW_SS_M,Targets for feature.QMD.managed.CWHvm_HW_SS_M,ca.spatial.reportwriter.TargetLimitReport,Target table,html;csv;png
feature_QMD_unmanaged_CWHvm_CW_HW_M,Targets for feature.QMD.unmanaged.CWHvm_CW_HW_M,ca.spatial.reportwriter.TargetLimitReport,Target table,html;csv;png
feature_QMD_unmanaged_CWHvm_CW_PLC_M,Targets for feature.QMD.unmanaged.CWHvm_CW_PLC_M,ca.spatial.reportwriter.TargetLimitReport,Target table,html;csv;png
feature_QMD_unmanaged_CWHvm_CW_YC_M,Targets for feature.QMD.unmanaged.CWHvm_CW_YC_M,ca.spatial.reportwriter.TargetLimitReport,Target table,html;csv;png
feature_QMD_unmanaged_CWHvm_DR_HW_M,Targets for feature.QMD.unmanaged.CWHvm_DR_HW_M,ca.spatial.reportwriter.TargetLimitReport,Target table,html;csv;png
feature_QMD_unmanaged_CWHvm_FDC_HW_H,Targets for feature.QMD.unmanaged.CWHvm_FDC_HW_H,ca.spatial.reportwriter.TargetLimitReport,Target table,html;csv;png
feature_QMD_unmanaged_CWHvm_FDC_HW_L,Targets for feature.QMD.unmanaged.CWHvm_FDC_HW_L,ca.spatial.reportwriter.TargetLimitReport,Target table,html;csv;png
feature_QMD_unmanaged_CWHvm_FDC_HW_M,Targets for feature.QMD.unmanaged.CWHvm_FDC_HW_M,ca.spatial.reportwriter.TargetLimitReport,Target table,html;csv;png
feature_QMD_unmanaged_CWHvm_HW_BA_M,Targets for feature.QMD.unmanaged.CWHvm_HW_BA_M,ca.spatial.reportwriter.TargetLimitReport,Target table,html;csv;png
feature_QMD_unmanaged_CWHvm_HW_CW_H,Targets for feature.QMD.unmanaged.CWHvm_HW_CW_H,ca.spatial.reportwriter.TargetLimitReport,Target table,html;csv;png
feature_QMD_unmanaged_CWHvm_HW_CW_L,Targets for feature.QMD.unmanaged.CWHvm_HW_CW_L,ca.spatial.reportwriter.TargetLimitReport,Target table,html;csv;png
feature_QMD_unmanaged_CWHvm_HW_CW_M,Targets for feature.QMD.unmanaged.CWHvm_HW_CW_M,ca.spatial.reportwriter.TargetLimitReport,Target table,html;csv;png
feature_QMD_unmanaged_CWHvm_HW_FDC_H,Targets for feature.QMD.unmanaged.CWHvm_HW_FDC_H,ca.spatial.reportwriter.TargetLimitReport,Target table,html;csv;png
feature_QMD_unmanaged_CWHvm_HW_FDC_L,Targets for feature.QMD.unmanaged.CWHvm_HW_FDC_L,ca.spatial.reportwriter.TargetLimitReport,Target table,html;csv;png
feature_QMD_unmanaged_CWHvm_HW_SS_M,Targets for feature.QMD.unmanaged.CWHvm_HW_SS_M,ca.spatial.reportwriter.TargetLimitReport,Target table,html;csv;png
feature_Seral_CWHvm_CW_HW_M_immature,Targets for feature.Seral.CWHvm_CW_HW_M.immature,ca.spatial.reportwriter.TargetLimitReport,Target table,html;csv;png
feature_Seral_CWHvm_CW_HW_M_mature,Targets for feature.Seral.CWHvm_CW_HW_M.mature,ca.spatial.reportwriter.TargetLimitReport,Target table,html;csv;png
feature_Seral_CWHvm_CW_HW_M_overmature,Targets for feature.Seral.CWHvm_CW_HW_M.overmature,ca.spatial.reportwriter.TargetLimitReport,Target table,html;csv;png
feature_Seral_CWHvm_CW_HW_M_regenerating,Targets for feature.Seral.CWHvm_CW_HW_M.regenerating,ca.spatial.reportwriter.TargetLimitReport,Target table,html;csv;png
feature_Seral_CWHvm_CW_HW_M_young,Targets for feature.Seral.CWHvm_CW_HW_M.young,ca.spatial.reportwriter.TargetLimitReport,Target table,html;csv;png
feature_Seral_CWHvm_CW_PLC_M_immature,Targets for feature.Seral.CWHvm_CW_PLC_M.immature,ca.spatial.reportwriter.TargetLimitReport,Target table,html;csv;png
feature_Seral_CWHvm_CW_PLC_M_mature,Targets for feature.Seral.CWHvm_CW_PLC_M.mature,ca.spatial.reportwriter.TargetLimitReport,Target table,html;csv;png
feature_Seral_CWHvm_CW_PLC_M_overmature,Targets for feature.Seral.CWHvm_CW_PLC_M.overmature,ca.spatial.reportwriter.TargetLimitReport,Target table,html;csv;png
feature_Seral_CWHvm_CW_PLC_M_regenerating,Targets for feature.Seral.CWHvm_CW_PLC_M.regenerating,ca.spatial.reportwriter.TargetLimitReport,Target table,html;csv;png
feature_Seral_CWHvm_CW_PLC_M_young,Targets for feature.Seral.CWHvm_CW_PLC_M.young,ca.spatial.reportwriter.TargetLimitReport,Target table,html;csv;png
feature_Seral_CWHvm_CW_YC_M_immature,Targets for feature.Seral.CWHvm_CW_YC_M.immature,ca.spatial.reportwriter.TargetLimitReport,Target table,html;csv;png
feature_Seral_CWHvm_CW_YC_M_mature,Targets for feature.Seral.CWHvm_CW_YC_M.mature,ca.spatial.reportwriter.TargetLimitReport,Target table,html;csv;png
feature_Seral_CWHvm_CW_YC_M_overmature,Targets for feature.Seral.CWHvm_CW_YC_M.overmature,ca.spatial.reportwriter.TargetLimitReport,Target table,html;csv;png
feature_Seral_CWHvm_CW_YC_M_regenerating,Targets for feature.Seral.CWHvm_CW_YC_M.regenerating,ca.spatial.reportwriter.TargetLimitReport,Target table,html;csv;png
feature_Seral_CWHvm_CW_YC_M_young,Targets for feature.Seral.CWHvm_CW_YC_M.young,ca.spatial.reportwriter.TargetLimitReport,Target table,html;csv;png
feature_Seral_CWHvm_DR_HW_M_immature,Targets for feature.Seral.CWHvm_DR_HW_M.immature,ca.spatial.reportwriter.TargetLimitReport,Target table,html;csv;png
feature_Seral_CWHvm_DR_HW_M_mature,Targets for feature.Seral.CWHvm_DR_HW_M.mature,ca.spatial.reportwriter.TargetLimitReport,Target table,html;csv;png
feature_Seral_CWHvm_DR_HW_M_overmature,Targets for feature.Seral.CWHvm_DR_HW_M.overmature,ca.spatial.reportwriter.TargetLimitReport,Target table,html;csv;png
feature_Seral_CWHvm_DR_HW_M_regenerating,Targets for feature.Seral.CWHvm_DR_HW_M.regenerating,ca.spatial.reportwriter.TargetLimitReport,Target table,html;csv;png
feature_Seral_CWHvm_DR_HW_M_young,Targets for feature.Seral.CWHvm_DR_HW_M.young,ca.spatial.reportwriter.TargetLimitReport,Target table,html;csv;png
feature_Seral_CWHvm_FDC_HW_H_immature,Targets for feature.Seral.CWHvm_FDC_HW_H.immature,ca.spatial.reportwriter.TargetLimitReport,Target table,html;csv;png
feature_Seral_CWHvm_FDC_HW_H_mature,Targets for feature.Seral.CWHvm_FDC_HW_H.mature,ca.spatial.reportwriter.TargetLimitReport,Target table,html;csv;png
feature_Seral_CWHvm_FDC_HW_H_overmature,Targets for feature.Seral.CWHvm_FDC_HW_H.overmature,ca.spatial.reportwriter.TargetLimitReport,Target table,html;csv;png
feature_Seral_CWHvm_FDC_HW_H_regenerating,Targets for feature.Seral.CWHvm_FDC_HW_H.regenerating,ca.spatial.reportwriter.TargetLimitReport,Target table,html;csv;png
feature_Seral_CWHvm_FDC_HW_H_young,Targets for feature.Seral.CWHvm_FDC_HW_H.young,ca.spatial.reportwriter.TargetLimitReport,Target table,html;csv;png
feature_Seral_CWHvm_FDC_HW_L_immature,Targets for feature.Seral.CWHvm_FDC_HW_L.immature,ca.spatial.reportwriter.TargetLimitReport,Target table,html;csv;png
feature_Seral_CWHvm_FDC_HW_L_mature,Targets for feature.Seral.CWHvm_FDC_HW_L.mature,ca.spatial.reportwriter.TargetLimitReport,Target table,html;csv;png
feature_Seral_CWHvm_FDC_HW_L_overmature,Targets for feature.Seral.CWHvm_FDC_HW_L.overmature,ca.spatial.reportwriter.TargetLimitReport,Target table,html;csv;png
feature_Seral_CWHvm_FDC_HW_L_regenerating,Targets for feature.Seral.CWHvm_FDC_HW_L.regenerating,ca.spatial.reportwriter.TargetLimitReport,Target table,html;csv;png
feature_Seral_CWHvm_FDC_HW_L_young,Targets for feature.Seral.CWHvm_FDC_HW_L.young,ca.spatial.reportwriter.TargetLimitReport,Target table,html;csv;png
feature_Seral_CWHvm_FDC_HW_M_immature,Targets for feature.Seral.CWHvm_FDC_HW_M.immature,ca.spatial.reportwriter.TargetLimitReport,Target table,html;csv;png
feature_Seral_CWHvm_FDC_HW_M_mature,Targets for feature.Seral.CWHvm_FDC_HW_M.mature,ca.spatial.reportwriter.TargetLimitReport,Target table,html;csv;png
feature_Seral_CWHvm_FDC_HW_M_overmature,Targets for feature.Seral.CWHvm_FDC_HW_M.overmature,ca.spatial.reportwriter.TargetLimitReport,Target table,html;csv;png
feature_Seral_CWHvm_FDC_HW_M_regenerating,Targets for feature.Seral.CWHvm_FDC_HW_M.regenerating,ca.spatial.reportwriter.TargetLimitReport,Target table,html;csv;png
feature_Seral_CWHvm_FDC_HW_M_young,Targets for feature.Seral.CWHvm_FDC_HW_M.young,ca.spatial.reportwriter.TargetLimitReport,Target table,html;csv;png
feature_Seral_CWHvm_HW_BA_M_immature,Targets for feature.Seral.CWHvm_HW_BA_M.immature,ca.spatial.reportwriter.TargetLimitReport,Target table,html;csv;png
feature_Seral_CWHvm_HW_BA_M_mature,Targets for feature.Seral.CWHvm_HW_BA_M.mature,ca.spatial.reportwriter.TargetLimitReport,Target table,html;csv;png
feature_Seral_CWHvm_HW_BA_M_overmature,Targets for feature.Seral.CWHvm_HW_BA_M.overmature,ca.spatial.reportwriter.TargetLimitReport,Target table,html;csv;png
feature_Seral_CWHvm_HW_BA_M_regenerating,Targets for feature.Seral.CWHvm_HW_BA_M.regenerating,ca.spatial.reportwriter.TargetLimitReport,Target table,html;csv;png
feature_Seral_CWHvm_HW_BA_M_young,Targets for feature.Seral.CWHvm_HW_BA_M.young,ca.spatial.reportwriter.TargetLimitReport,Target table,html;csv;png
feature_Seral_CWHvm_HW_CW_H_immature,Targets for feature.Seral.CWHvm_HW_CW_H.immature,ca.spatial.reportwriter.TargetLimitReport,Target table,html;csv;png
feature_Seral_CWHvm_HW_CW_H_mature,Targets for feature.Seral.CWHvm_HW_CW_H.mature,ca.spatial.reportwriter.TargetLimitReport,Target table,html;csv;png
feature_Seral_CWHvm_HW_CW_H_overmature,Targets for feature.Seral.CWHvm_HW_CW_H.overmature,ca.spatial.reportwriter.TargetLimitReport,Target table,html;csv;png
feature_Seral_CWHvm_HW_CW_H_regenerating,Targets for feature.Seral.CWHvm_HW_CW_H.regenerating,ca.spatial.reportwriter.TargetLimitReport,Target table,html;csv;png
feature_Seral_CWHvm_HW_CW_H_young,Targets for feature.Seral.CWHvm_HW_CW_H.young,ca.spatial.reportwriter.TargetLimitReport,Target table,html;csv;png
feature_Seral_CWHvm_HW_CW_L_immature,Targets for feature.Seral.CWHvm_HW_CW_L.immature,ca.spatial.reportwriter.TargetLimitReport,Target table,html;csv;png
feature_Seral_CWHvm_HW_CW_L_mature,Targets for feature.Seral.CWHvm_HW_CW_L.mature,ca.spatial.reportwriter.TargetLimitReport,Target table,html;csv;png
feature_Seral_CWHvm_HW_CW_L_overmature,Targets for feature.Seral.CWHvm_HW_CW_L.overmature,ca.spatial.reportwriter.TargetLimitReport,Target table,html;csv;png
feature_Seral_CWHvm_HW_CW_L_regenerating,Targets for feature.Seral.CWHvm_HW_CW_L.regenerating,ca.spatial.reportwriter.TargetLimitReport,Target table,html;csv;png
feature_Seral_CWHvm_HW_CW_L_young,Targets for feature.Seral.CWHvm_HW_CW_L.young,ca.spatial.reportwriter.TargetLimitReport,Target table,html;csv;png
feature_Seral_CWHvm_HW_CW_M_immature,Targets for feature.Seral.CWHvm_HW_CW_M.immature,ca.spatial.reportwriter.TargetLimitReport,Target table,html;csv;png
feature_Seral_CWHvm_HW_CW_M_mature,Targets for feature.Seral.CWHvm_HW_CW_M.mature,ca.spatial.reportwriter.TargetLimitReport,Target table,html;csv;png
feature_Seral_CWHvm_HW_CW_M_overmature,Targets for feature.Seral.CWHvm_HW_CW_M.overmature,ca.spatial.reportwriter.TargetLimitReport,Target table,html;csv;png
feature_Seral_CWHvm_HW_CW_M_regenerating,Targets for feature.Seral.CWHvm_HW_CW_M.regenerating,ca.spatial.reportwriter.TargetLimitReport,Target table,html;csv;png
feature_Seral_CWHvm_HW_CW_M_young,Targets for feature.Seral.CWHvm_HW_CW_M.young,ca.spatial.reportwriter.TargetLimitReport,Target table,html;csv;png
feature_Seral_CWHvm_HW_FDC_H_immature,Targets for feature.Seral.CWHvm_HW_FDC_H.immature,ca.spatial.reportwriter.TargetLimitReport,Target table,html;csv;png
feature_Seral_CWHvm_HW_FDC_H_mature,Targets for feature.Seral.CWHvm_HW_FDC_H.mature,ca.spatial.reportwriter.TargetLimitReport,Target table,html;csv;png
feature_Seral_CWHvm_HW_FDC_H_overmature,Targets for feature.Seral.CWHvm_HW_FDC_H.overmature,ca.spatial.reportwriter.TargetLimitReport,Target table,html;csv;png
feature_Seral_CWHvm_HW_FDC_H_regenerating,Targets for feature.Seral.CWHvm_HW_FDC_H.regenerating,ca.spatial.reportwriter.TargetLimitReport,Target table,html;csv;png
feature_Seral_CWHvm_HW_FDC_H_young,Targets for feature.Seral.CWHvm_HW_FDC_H.young,ca.spatial.reportwriter.TargetLimitReport,Target table,html;csv;png
feature_Seral_CWHvm_HW_FDC_L_immature,Targets for feature.Seral.CWHvm_HW_FDC_L.immature,ca.spatial.reportwriter.TargetLimitReport,Target table,html;csv;png
feature_Seral_CWHvm_HW_FDC_L_mature,Targets for feature.Seral.CWHvm_HW_FDC_L.mature,ca.spatial.reportwriter.TargetLimitReport,Target table,html;csv;png
feature_Seral_CWHvm_HW_FDC_L_overmature,Targets for feature.Seral.CWHvm_HW_FDC_L.overmature,ca.spatial.reportwriter.TargetLimitReport,Target table,html;csv;png
feature_Seral_CWHvm_HW_FDC_L_regenerating,Targets for feature.Seral.CWHvm_HW_FDC_L.regenerating,ca.spatial.reportwriter.TargetLimitReport,Target table,html;csv;png
feature_Seral_CWHvm_HW_FDC_L_young,Targets for feature.Seral.CWHvm_HW_FDC_L.young,ca.spatial.reportwriter.TargetLimitReport,Target table,html;csv;png
feature_Seral_CWHvm_HW_SS_M_immature,Targets for feature.Seral.CWHvm_HW_SS_M.immature,ca.spatial.reportwriter.TargetLimitReport,Target table,html;csv;png
feature_Seral_CWHvm_HW_SS_M_mature,Targets for feature.Seral.CWHvm_HW_SS_M.mature,ca.spatial.reportwriter.TargetLimitReport,Target table,html;csv;png
feature_Seral_CWHvm_HW_SS_M_overmature,Targets for feature.Seral.CWHvm_HW_SS_M.overmature,ca.spatial.reportwriter.TargetLimitReport,Target table,html;csv;png
feature_Seral_CWHvm_HW_SS_M_regenerating,Targets for feature.Seral.CWHvm_HW_SS_M.regenerating,ca.spatial.reportwriter.TargetLimitReport,Target table,html;csv;png
feature_Seral_CWHvm_HW_SS_M_young,Targets for feature.Seral.CWHvm_HW_SS_M.young,ca.spatial.reportwriter.TargetLimitReport,Target table,html;csv;png
feature_Seral_immature,Targets for feature.Seral.immature,ca.spatial.reportwriter.TargetLimitReport,Target table,html;csv;png
feature_Seral_mature,Targets for feature.Seral.mature,ca.spatial.reportwriter.TargetLimitReport,Target table,html;csv;png
feature_Seral_overmature,Targets for feature.Seral.overmature,ca.spatial.reportwriter.TargetLimitReport,Target table,html;csv;png
feature_Seral_regenerating,Targets for feature.Seral.regenerating,ca.spatial.reportwriter.TargetLimitReport,Target table,html;csv;png
feature_Seral_young,Targets for feature.Seral.young,ca.spatial.reportwriter.TargetLimitReport,Target table,html;csv;png
feature_SpeciesProp_managed_CW,Targets for feature.SpeciesProp.managed.CW,ca.spatial.reportwriter.TargetLimitReport,Target table,html;csv;png
feature_SpeciesProp_managed_FDC,Targets for feature.SpeciesProp.managed.FDC,ca.spatial.reportwriter.TargetLimitReport,Target table,html;csv;png
feature_SpeciesProp_managed_HW,Targets for feature.SpeciesProp.managed.HW,ca.spatial.reportwriter.TargetLimitReport,Target table,html;csv;png
feature_SpeciesProp_unmanaged_CW,Targets for feature.SpeciesProp.unmanaged.CW,ca.spatial.reportwriter.TargetLimitReport,Target table,html;csv;png
feature_SpeciesProp_unmanaged_FDC,Targets for feature.SpeciesProp.unmanaged.FDC,ca.spatial.reportwriter.TargetLimitReport,Target table,html;csv;png
feature_SpeciesProp_unmanaged_HW,Targets for feature.SpeciesProp.unmanaged.HW,ca.spatial.reportwriter.TargetLimitReport,Target table,html;csv;png
feature_StemsPerHa_managed_CWHvm_CW_HW_M,Targets for feature.StemsPerHa.managed.CWHvm_CW_HW_M,ca.spatial.reportwriter.TargetLimitReport,Target table,html;csv;png
feature_StemsPerHa_managed_CWHvm_DR_HW_M,Targets for feature.StemsPerHa.managed.CWHvm_DR_HW_M,ca.spatial.reportwriter.TargetLimitReport,Target table,html;csv;png
feature_StemsPerHa_managed_CWHvm_FDC_HW_H,Targets for feature.StemsPerHa.managed.CWHvm_FDC_HW_H,ca.spatial.reportwriter.TargetLimitReport,Target table,html;csv;png
feature_StemsPerHa_managed_CWHvm_FDC_HW_L,Targets for feature.StemsPerHa.managed.CWHvm_FDC_HW_L,ca.spatial.reportwriter.TargetLimitReport,Target table,html;csv;png
feature_StemsPerHa_managed_CWHvm_FDC_HW_M,Targets for feature.StemsPerHa.managed.CWHvm_FDC_HW_M,ca.spatial.reportwriter.TargetLimitReport,Target table,html;csv;png
feature_StemsPerHa_managed_CWHvm_HW_BA_M,Targets for feature.StemsPerHa.managed.CWHvm_HW_BA_M,ca.spatial.reportwriter.TargetLimitReport,Target table,html;csv;png
feature_StemsPerHa_managed_CWHvm_HW_CW_H,Targets for feature.StemsPerHa.managed.CWHvm_HW_CW_H,ca.spatial.reportwriter.TargetLimitReport,Target table,html;csv;png
feature_StemsPerHa_managed_CWHvm_HW_CW_L,Targets for feature.StemsPerHa.managed.CWHvm_HW_CW_L,ca.spatial.reportwriter.TargetLimitReport,Target table,html;csv;png
feature_StemsPerHa_managed_CWHvm_HW_CW_M,Targets for feature.StemsPerHa.managed.CWHvm_HW_CW_M,ca.spatial.reportwriter.TargetLimitReport,Target table,html;csv;png
feature_StemsPerHa_managed_CWHvm_HW_FDC_H,Targets for feature.StemsPerHa.managed.CWHvm_HW_FDC_H,ca.spatial.reportwriter.TargetLimitReport,Target table,html;csv;png
feature_StemsPerHa_managed_CWHvm_HW_FDC_L,Targets for feature.StemsPerHa.managed.CWHvm_HW_FDC_L,ca.spatial.reportwriter.TargetLimitReport,Target table,html;csv;png
feature_StemsPerHa_managed_CWHvm_HW_SS_M,Targets for feature.StemsPerHa.managed.CWHvm_HW_SS_M,ca.spatial.reportwriter.TargetLimitReport,Target table,html;csv;png
feature_StemsPerHa_unmanaged_CWHvm_CW_HW_M,Targets for feature.StemsPerHa.unmanaged.CWHvm_CW_HW_M,ca.spatial.reportwriter.TargetLimitReport,Target table,html;csv;png
feature_StemsPerHa_unmanaged_CWHvm_CW_YC_M,Targets for feature.StemsPerHa.unmanaged.CWHvm_CW_YC_M,ca.spatial.reportwriter.TargetLimitReport,Target table,html;csv;png
feature_StemsPerHa_unmanaged_CWHvm_DR_HW_M,Targets for feature.StemsPerHa.unmanaged.CWHvm_DR_HW_M,ca.spatial.reportwriter.TargetLimitReport,Target table,html;csv;png
feature_StemsPerHa_unmanaged_CWHvm_FDC_HW_H,Targets for feature.StemsPerHa.unmanaged.CWHvm_FDC_HW_H,ca.spatial.reportwriter.TargetLimitReport,Target table,html;csv;png
feature_StemsPerHa_unmanaged_CWHvm_FDC_HW_L,Targets for feature.StemsPerHa.unmanaged.CWHvm_FDC_HW_L,ca.spatial.reportwriter.TargetLimitReport,Target table,html;csv;png
feature_StemsPerHa_unmanaged_CWHvm_FDC_HW_M,Targets for feature.StemsPerHa.unmanaged.CWHvm_FDC_HW_M,ca.spatial.reportwriter.TargetLimitReport,Target table,html;csv;png
feature_StemsPerHa_unmanaged_CWHvm_HW_BA_M,Targets for feature.StemsPerHa.unmanaged.CWHvm_HW_BA_M,ca.spatial.reportwriter.TargetLimitReport,Target table,html;csv;png
feature_StemsPerHa_unmanaged_CWHvm_HW_CW_H,Targets for feature.StemsPerHa.unmanaged.CWHvm_HW_CW_H,ca.spatial.reportwriter.TargetLimitReport,Target table,html;csv;png
feature_StemsPerHa_unmanaged_CWHvm_HW_CW_L,Targets for feature.StemsPerHa.unmanaged.CWHvm_HW_CW_L,ca.spatial.reportwriter.TargetLimitReport,Target table,html;csv;png
feature_StemsPerHa_unmanaged_CWHvm_HW_CW_M,Targets for feature.StemsPerHa.unmanaged.CWHvm_HW_CW_M,ca.spatial.reportwriter.TargetLimitReport,Target table,html;csv;png
feature_StemsPerHa_unmanaged_CWHvm_HW_FDC_H,Targets for feature.StemsPerHa.unmanaged.CWHvm_HW_FDC_H,ca.spatial.reportwriter.TargetLimitReport,Target table,html;csv;png
feature_StemsPerHa_unmanaged_CWHvm_HW_FDC_L,Targets for feature.StemsPerHa.unmanaged.CWHvm_HW_FDC_L,ca.spatial.reportwriter.TargetLimitReport,Target table,html;csv;png
feature_StemsPerHa_unmanaged_CWHvm_HW_SS_M,Targets for feature.StemsPerHa.unmanaged.CWHvm_HW_SS_M,ca.spatial.reportwriter.TargetLimitReport,Target table,html;csv;png
feature_Yield_managed_CW,Targets for feature.Yield.managed.CW,ca.spatial.reportwriter.TargetLimitReport,Target table,html;csv;png
feature_Yield_managed_FDC,Targets for feature.Yield.managed.FDC,ca.spatial.reportwriter.TargetLimitReport,Target table,html;csv;png
feature_Yield_managed_HW,Targets for feature.Yield.managed.HW,ca.spatial.reportwriter.TargetLimitReport,Target table,html;csv;png
feature_Yield_managed_Total,Targets for feature.Yield.managed.Total,ca.spatial.reportwriter.TargetLimitReport,Target table,html;csv;png
feature_Yield_unmanaged_CW,Targets for feature.Yield.unmanaged.CW,ca.spatial.reportwriter.TargetLimitReport,Target table,html;csv;png
feature_Yield_unmanaged_FDC,Targets for feature.Yield.unmanaged.FDC,ca.spatial.reportwriter.TargetLimitReport,Target table,html;csv;png
feature_Yield_unmanaged_HW,Targets for feature.Yield.unmanaged.HW,ca.spatial.reportwriter.TargetLimitReport,Target table,html;csv;png
feature_Yield_unmanaged_Total,Targets for feature.Yield.unmanaged.Total,ca.spatial.reportwriter.TargetLimitReport,Target table,html;csv;png
flow_even_product_Yield_managed_CW,Targets for flow.even.product.Yield.managed.CW,ca.spatial.reportwriter.TargetLimitReport,Target table,html;csv;png
flow_even_product_Yield_managed_FDC,Targets for flow.even.product.Yield.managed.FDC,ca.spatial.reportwriter.TargetLimitReport,Target table,html;csv;png
flow_even_product_Yield_managed_HW,Targets for flow.even.product.Yield.managed.HW,ca.spatial.reportwriter.TargetLimitReport,Target table,html;csv;png
flow_even_product_Yield_managed_Total,Targets for flow.even.product.Yield.managed.Total,ca.spatial.reportwriter.TargetLimitReport,Target table,html;csv;png
flow_ndy_feature_Yield_managed_CW,Targets for flow.ndy.feature.Yield.managed.CW,ca.spatial.reportwriter.TargetLimitReport,Target table,html;csv;png
flow_ndy_feature_Yield_managed_FDC,Targets for flow.ndy.feature.Yield.managed.FDC,ca.spatial.reportwriter.TargetLimitReport,Target table,html;csv;png
flow_ndy_feature_Yield_managed_HW,Targets for flow.ndy.feature.Yield.managed.HW,ca.spatial.reportwriter.TargetLimitReport,Target table,html;csv;png
flow_ndy_feature_Yield_managed_Total,Targets for flow.ndy.feature.Yield.managed.Total,ca.spatial.reportwriter.TargetLimitReport,Target table,html;csv;png
product_HarvestedVolume_managed_CW_CC,Targets for product.HarvestedVolume.managed.CW.CC,ca.spatial.reportwriter.TargetLimitReport,Target table,html;csv;png
product_HarvestedVolume_managed_FDC_CC,Targets for product.HarvestedVolume.managed.FDC.CC,ca.spatial.reportwriter.TargetLimitReport,Target table,html;csv;png
product_HarvestedVolume_managed_HW_CC,Targets for product.HarvestedVolume.managed.HW.CC,ca.spatial.reportwriter.TargetLimitReport,Target table,html;csv;png
product_HarvestedVolume_managed_Total_CC,Targets for product.HarvestedVolume.managed.Total.CC,ca.spatial.reportwriter.TargetLimitReport,Target table,html;csv;png
product_Logs_Grade_D_managed_Total_CC,Targets for product.Logs_Grade_D.managed.Total.CC,ca.spatial.reportwriter.TargetLimitReport,Target table,html;csv;png
product_Logs_Grade_F_managed_Total_CC,Targets for product.Logs_Grade_F.managed.Total.CC,ca.spatial.reportwriter.TargetLimitReport,Target table,html;csv;png
product_Logs_Grade_H_managed_Total_CC,Targets for product.Logs_Grade_H.managed.Total.CC,ca.spatial.reportwriter.TargetLimitReport,Target table,html;csv;png
product_Logs_Grade_I_managed_Total_CC,Targets for product.Logs_Grade_I.managed.Total.CC,ca.spatial.reportwriter.TargetLimitReport,Target table,html;csv;png
product_Logs_Grade_J_managed_Total_CC,Targets for product.Logs_Grade_J.managed.Total.CC,ca.spatial.reportwriter.TargetLimitReport,Target table,html;csv;png
product_Logs_Grade_U_managed_Total_CC,Targets for product.Logs_Grade_U.managed.Total.CC,ca.spatial.reportwriter.TargetLimitReport,Target table,html;csv;png
product_Logs_Grade_X_managed_Total_CC,Targets for product.Logs_Grade_X.managed.Total.CC,ca.spatial.reportwriter.TargetLimitReport,Target table,html;csv;png
product_Logs_Grade_Y_managed_Total_CC,Targets for product.Logs_Grade_Y.managed.Total.CC,ca.spatial.reportwriter.TargetLimitReport,Target table,html;csv;png
product_QMD_managed_CWHvm_CW_HW_M_CC,Targets for product.QMD.managed.CWHvm_CW_HW_M.CC,ca.spatial.reportwriter.TargetLimitReport,Target table,html;csv;png
product_QMD_managed_CWHvm_DR_HW_M_CC,Targets for product.QMD.managed.CWHvm_DR_HW_M.CC,ca.spatial.reportwriter.TargetLimitReport,Target table,html;csv;png
product_QMD_managed_CWHvm_FDC_HW_H_CC,Targets for product.QMD.managed.CWHvm_FDC_HW_H.CC,ca.spatial.reportwriter.TargetLimitReport,Target table,html;csv;png
product_QMD_managed_CWHvm_FDC_HW_L_CC,Targets for product.QMD.managed.CWHvm_FDC_HW_L.CC,ca.spatial.reportwriter.TargetLimitReport,Target table,html;csv;png
product_QMD_managed_CWHvm_FDC_HW_M_CC,Targets for product.QMD.managed.CWHvm_FDC_HW_M.CC,ca.spatial.reportwriter.TargetLimitReport,Target table,html;csv;png
product_QMD_managed_CWHvm_HW_BA_M_CC,Targets for product.QMD.managed.CWHvm_HW_BA_M.CC,ca.spatial.reportwriter.TargetLimitReport,Target table,html;csv;png
product_QMD_managed_CWHvm_HW_CW_H_CC,Targets for product.QMD.managed.CWHvm_HW_CW_H.CC,ca.spatial.reportwriter.TargetLimitReport,Target table,html;csv;png
product_QMD_managed_CWHvm_HW_CW_L_CC,Targets for product.QMD.managed.CWHvm_HW_CW_L.CC,ca.spatial.reportwriter.TargetLimitReport,Target table,html;csv;png
product_QMD_managed_CWHvm_HW_CW_M_CC,Targets for product.QMD.managed.CWHvm_HW_CW_M.CC,ca.spatial.reportwriter.TargetLimitReport,Target table,html;csv;png
product_QMD_managed_CWHvm_HW_FDC_H_CC,Targets for product.QMD.managed.CWHvm_HW_FDC_H.CC,ca.spatial.reportwriter.TargetLimitReport,Target table,html;csv;png
product_QMD_managed_CWHvm_HW_FDC_L_CC,Targets for product.QMD.managed.CWHvm_HW_FDC_L.CC,ca.spatial.reportwriter.TargetLimitReport,Target table,html;csv;png
product_QMD_managed_CWHvm_HW_SS_M_CC,Targets for product.QMD.managed.CWHvm_HW_SS_M.CC,ca.spatial.reportwriter.TargetLimitReport,Target table,html;csv;png
product_QMDNumerator_managed_CWHvm_CW_HW_M_CC,Targets for product.QMDNumerator.managed.CWHvm_CW_HW_M.CC,ca.spatial.reportwriter.TargetLimitReport,Target table,html;csv;png
product_QMDNumerator_managed_CWHvm_DR_HW_M_CC,Targets for product.QMDNumerator.managed.CWHvm_DR_HW_M.CC,ca.spatial.reportwriter.TargetLimitReport,Target table,html;csv;png
product_QMDNumerator_managed_CWHvm_FDC_HW_H_CC,Targets for product.QMDNumerator.managed.CWHvm_FDC_HW_H.CC,ca.spatial.reportwriter.TargetLimitReport,Target table,html;csv;png
product_QMDNumerator_managed_CWHvm_FDC_HW_L_CC,Targets for product.QMDNumerator.managed.CWHvm_FDC_HW_L.CC,ca.spatial.reportwriter.TargetLimitReport,Target table,html;csv;png
product_QMDNumerator_managed_CWHvm_FDC_HW_M_CC,Targets for product.QMDNumerator.managed.CWHvm_FDC_HW_M.CC,ca.spatial.reportwriter.TargetLimitReport,Target table,html;csv;png
product_QMDNumerator_managed_CWHvm_HW_BA_M_CC,Targets for product.QMDNumerator.managed.CWHvm_HW_BA_M.CC,ca.spatial.reportwriter.TargetLimitReport,Target table,html;csv;png
product_QMDNumerator_managed_CWHvm_HW_CW_H_CC,Targets for product.QMDNumerator.managed.CWHvm_HW_CW_H.CC,ca.spatial.reportwriter.TargetLimitReport,Target table,html;csv;png
product_QMDNumerator_managed_CWHvm_HW_CW_L_CC,Targets for product.QMDNumerator.managed.CWHvm_HW_CW_L.CC,ca.spatial.reportwriter.TargetLimitReport,Target table,html;csv;png
product_QMDNumerator_managed_CWHvm_HW_CW_M_CC,Targets for product.QMDNumerator.managed.CWHvm_HW_CW_M.CC,ca.spatial.reportwriter.TargetLimitReport,Target table,html;csv;png
product_QMDNumerator_managed_CWHvm_HW_FDC_H_CC,Targets for product.QMDNumerator.managed.CWHvm_HW_FDC_H.CC,ca.spatial.reportwriter.TargetLimitReport,Target table,html;csv;png
product_QMDNumerator_managed_CWHvm_HW_FDC_L_CC,Targets for product.QMDNumerator.managed.CWHvm_HW_FDC_L.CC,ca.spatial.reportwriter.TargetLimitReport,Target table,html;csv;png
product_QMDNumerator_managed_CWHvm_HW_SS_M_CC,Targets for product.QMDNumerator.managed.CWHvm_HW_SS_M.CC,ca.spatial.reportwriter.TargetLimitReport,Target table,html;csv;png
product_Seral_area_immature_CWHvm_CW_HW_M_CC,Targets for product.Seral.area.immature.CWHvm_CW_HW_M.CC,ca.spatial.reportwriter.TargetLimitReport,Target table,html;csv;png
product_Seral_area_immature_CWHvm_DR_HW_M_CC,Targets for product.Seral.area.immature.CWHvm_DR_HW_M.CC,ca.spatial.reportwriter.TargetLimitReport,Target table,html;csv;png
product_Seral_area_immature_CWHvm_FDC_HW_H_CC,Targets for product.Seral.area.immature.CWHvm_FDC_HW_H.CC,ca.spatial.reportwriter.TargetLimitReport,Target table,html;csv;png
product_Seral_area_immature_CWHvm_FDC_HW_L_CC,Targets for product.Seral.area.immature.CWHvm_FDC_HW_L.CC,ca.spatial.reportwriter.TargetLimitReport,Target table,html;csv;png
product_Seral_area_immature_CWHvm_FDC_HW_M_CC,Targets for product.Seral.area.immature.CWHvm_FDC_HW_M.CC,ca.spatial.reportwriter.TargetLimitReport,Target table,html;csv;png
product_Seral_area_immature_CWHvm_HW_BA_M_CC,Targets for product.Seral.area.immature.CWHvm_HW_BA_M.CC,ca.spatial.reportwriter.TargetLimitReport,Target table,html;csv;png
product_Seral_area_immature_CWHvm_HW_CW_H_CC,Targets for product.Seral.area.immature.CWHvm_HW_CW_H.CC,ca.spatial.reportwriter.TargetLimitReport,Target table,html;csv;png
product_Seral_area_immature_CWHvm_HW_CW_L_CC,Targets for product.Seral.area.immature.CWHvm_HW_CW_L.CC,ca.spatial.reportwriter.TargetLimitReport,Target table,html;csv;png
product_Seral_area_immature_CWHvm_HW_CW_M_CC,Targets for product.Seral.area.immature.CWHvm_HW_CW_M.CC,ca.spatial.reportwriter.TargetLimitReport,Target table,html;csv;png
product_Seral_area_immature_CWHvm_HW_FDC_H_CC,Targets for product.Seral.area.immature.CWHvm_HW_FDC_H.CC,ca.spatial.reportwriter.TargetLimitReport,Target table,html;csv;png
product_Seral_area_immature_CWHvm_HW_FDC_L_CC,Targets for product.Seral.area.immature.CWHvm_HW_FDC_L.CC,ca.spatial.reportwriter.TargetLimitReport,Target table,html;csv;png
product_Seral_area_immature_CWHvm_HW_SS_M_CC,Targets for product.Seral.area.immature.CWHvm_HW_SS_M.CC,ca.spatial.reportwriter.TargetLimitReport,Target table,html;csv;png
product_Seral_area_mature_CWHvm_CW_HW_M_CC,Targets for product.Seral.area.mature.CWHvm_CW_HW_M.CC,ca.spatial.reportwriter.TargetLimitReport,Target table,html;csv;png
product_Seral_area_mature_CWHvm_DR_HW_M_CC,Targets for product.Seral.area.mature.CWHvm_DR_HW_M.CC,ca.spatial.reportwriter.TargetLimitReport,Target table,html;csv;png
product_Seral_area_mature_CWHvm_FDC_HW_H_CC,Targets for product.Seral.area.mature.CWHvm_FDC_HW_H.CC,ca.spatial.reportwriter.TargetLimitReport,Target table,html;csv;png
product_Seral_area_mature_CWHvm_FDC_HW_L_CC,Targets for product.Seral.area.mature.CWHvm_FDC_HW_L.CC,ca.spatial.reportwriter.TargetLimitReport,Target table,html;csv;png
product_Seral_area_mature_CWHvm_FDC_HW_M_CC,Targets for product.Seral.area.mature.CWHvm_FDC_HW_M.CC,ca.spatial.reportwriter.TargetLimitReport,Target table,html;csv;png
product_Seral_area_mature_CWHvm_HW_BA_M_CC,Targets for product.Seral.area.mature.CWHvm_HW_BA_M.CC,ca.spatial.reportwriter.TargetLimitReport,Target table,html;csv;png
product_Seral_area_mature_CWHvm_HW_CW_H_CC,Targets for product.Seral.area.mature.CWHvm_HW_CW_H.CC,ca.spatial.reportwriter.TargetLimitReport,Target table,html;csv;png
product_Seral_area_mature_CWHvm_HW_CW_L_CC,Targets for product.Seral.area.mature.CWHvm_HW_CW_L.CC,ca.spatial.reportwriter.TargetLimitReport,Target table,html;csv;png
product_Seral_area_mature_CWHvm_HW_CW_M_CC,Targets for product.Seral.area.mature.CWHvm_HW_CW_M.CC,ca.spatial.reportwriter.TargetLimitReport,Target table,html;csv;png
product_Seral_area_mature_CWHvm_HW_FDC_H_CC,Targets for product.Seral.area.mature.CWHvm_HW_FDC_H.CC,ca.spatial.reportwriter.TargetLimitReport,Target table,html;csv;png
product_Seral_area_mature_CWHvm_HW_FDC_L_CC,Targets for product.Seral.area.mature.CWHvm_HW_FDC_L.CC,ca.spatial.reportwriter.TargetLimitReport,Target table,html;csv;png
product_Seral_area_mature_CWHvm_HW_SS_M_CC,Targets for product.Seral.area.mature.CWHvm_HW_SS_M.CC,ca.spatial.reportwriter.TargetLimitReport,Target table,html;csv;png
product_Seral_area_overmature_CWHvm_CW_HW_M_CC,Targets for product.Seral.area.overmature.CWHvm_CW_HW_M.CC,ca.spatial.reportwriter.TargetLimitReport,Target table,html;csv;png
product_Seral_area_overmature_CWHvm_DR_HW_M_CC,Targets for product.Seral.area.overmature.CWHvm_DR_HW_M.CC,ca.spatial.reportwriter.TargetLimitReport,Target table,html;csv;png
product_Seral_area_overmature_CWHvm_FDC_HW_H_CC,Targets for product.Seral.area.overmature.CWHvm_FDC_HW_H.CC,ca.spatial.reportwriter.TargetLimitReport,Target table,html;csv;png
product_Seral_area_overmature_CWHvm_FDC_HW_L_CC,Targets for product.Seral.area.overmature.CWHvm_FDC_HW_L.CC,ca.spatial.reportwriter.TargetLimitReport,Target table,html;csv;png
product_Seral_area_overmature_CWHvm_FDC_HW_M_CC,Targets for product.Seral.area.overmature.CWHvm_FDC_HW_M.CC,ca.spatial.reportwriter.TargetLimitReport,Target table,html;csv;png
product_Seral_area_overmature_CWHvm_HW_BA_M_CC,Targets for product.Seral.area.overmature.CWHvm_HW_BA_M.CC,ca.spatial.reportwriter.TargetLimitReport,Target table,html;csv;png
product_Seral_area_overmature_CWHvm_HW_CW_H_CC,Targets for product.Seral.area.overmature.CWHvm_HW_CW_H.CC,ca.spatial.reportwriter.TargetLimitReport,Target table,html;csv;png
product_Seral_area_overmature_CWHvm_HW_CW_L_CC,Targets for product.Seral.area.overmature.CWHvm_HW_CW_L.CC,ca.spatial.reportwriter.TargetLimitReport,Target table,html;csv;png
product_Seral_area_overmature_CWHvm_HW_CW_M_CC,Targets for product.Seral.area.overmature.CWHvm_HW_CW_M.CC,ca.spatial.reportwriter.TargetLimitReport,Target table,html;csv;png
product_Seral_area_overmature_CWHvm_HW_FDC_H_CC,Targets for product.Seral.area.overmature.CWHvm_HW_FDC_H.CC,ca.spatial.reportwriter.TargetLimitReport,Target table,html;csv;png
product_Seral_area_overmature_CWHvm_HW_FDC_L_CC,Targets for product.Seral.area.overmature.CWHvm_HW_FDC_L.CC,ca.spatial.reportwriter.TargetLimitReport,Target table,html;csv;png
product_Seral_area_overmature_CWHvm_HW_SS_M_CC,Targets for product.Seral.area.overmature.CWHvm_HW_SS_M.CC,ca.spatial.reportwriter.TargetLimitReport,Target table,html;csv;png
product_Seral_area_regenerating_CWHvm_CW_HW_M_CC,Targets for product.Seral.area.regenerating.CWHvm_CW_HW_M.CC,ca.spatial.reportwriter.TargetLimitReport,Target table,html;csv;png
product_Seral_area_regenerating_CWHvm_DR_HW_M_CC,Targets for product.Seral.area.regenerating.CWHvm_DR_HW_M.CC,ca.spatial.reportwriter.TargetLimitReport,Target table,html;csv;png
product_Seral_area_regenerating_CWHvm_FDC_HW_H_CC,Targets for product.Seral.area.regenerating.CWHvm_FDC_HW_H.CC,ca.spatial.reportwriter.TargetLimitReport,Target table,html;csv;png
product_Seral_area_regenerating_CWHvm_FDC_HW_L_CC,Targets for product.Seral.area.regenerating.CWHvm_FDC_HW_L.CC,ca.spatial.reportwriter.TargetLimitReport,Target table,html;csv;png
product_Seral_area_regenerating_CWHvm_FDC_HW_M_CC,Targets for product.Seral.area.regenerating.CWHvm_FDC_HW_M.CC,ca.spatial.reportwriter.TargetLimitReport,Target table,html;csv;png
product_Seral_area_regenerating_CWHvm_HW_BA_M_CC,Targets for product.Seral.area.regenerating.CWHvm_HW_BA_M.CC,ca.spatial.reportwriter.TargetLimitReport,Target table,html;csv;png
product_Seral_area_regenerating_CWHvm_HW_CW_H_CC,Targets for product.Seral.area.regenerating.CWHvm_HW_CW_H.CC,ca.spatial.reportwriter.TargetLimitReport,Target table,html;csv;png
product_Seral_area_regenerating_CWHvm_HW_CW_L_CC,Targets for product.Seral.area.regenerating.CWHvm_HW_CW_L.CC,ca.spatial.reportwriter.TargetLimitReport,Target table,html;csv;png
product_Seral_area_regenerating_CWHvm_HW_CW_M_CC,Targets for product.Seral.area.regenerating.CWHvm_HW_CW_M.CC,ca.spatial.reportwriter.TargetLimitReport,Target table,html;csv;png
product_Seral_area_regenerating_CWHvm_HW_FDC_H_CC,Targets for product.Seral.area.regenerating.CWHvm_HW_FDC_H.CC,ca.spatial.reportwriter.TargetLimitReport,Target table,html;csv;png
product_Seral_area_regenerating_CWHvm_HW_FDC_L_CC,Targets for product.Seral.area.regenerating.CWHvm_HW_FDC_L.CC,ca.spatial.reportwriter.TargetLimitReport,Target table,html;csv;png
product_Seral_area_regenerating_CWHvm_HW_SS_M_CC,Targets for product.Seral.area.regenerating.CWHvm_HW_SS_M.CC,ca.spatial.reportwriter.TargetLimitReport,Target table,html;csv;png
product_Seral_area_young_CWHvm_CW_HW_M_CC,Targets for product.Seral.area.young.CWHvm_CW_HW_M.CC,ca.spatial.reportwriter.TargetLimitReport,Target table,html;csv;png
product_Seral_area_young_CWHvm_DR_HW_M_CC,Targets for product.Seral.area.young.CWHvm_DR_HW_M.CC,ca.spatial.reportwriter.TargetLimitReport,Target table,html;csv;png
product_Seral_area_young_CWHvm_FDC_HW_H_CC,Targets for product.Seral.area.young.CWHvm_FDC_HW_H.CC,ca.spatial.reportwriter.TargetLimitReport,Target table,html;csv;png
product_Seral_area_young_CWHvm_FDC_HW_L_CC,Targets for product.Seral.area.young.CWHvm_FDC_HW_L.CC,ca.spatial.reportwriter.TargetLimitReport,Target table,html;csv;png
product_Seral_area_young_CWHvm_FDC_HW_M_CC,Targets for product.Seral.area.young.CWHvm_FDC_HW_M.CC,ca.spatial.reportwriter.TargetLimitReport,Target table,html;csv;png
product_Seral_area_young_CWHvm_HW_BA_M_CC,Targets for product.Seral.area.young.CWHvm_HW_BA_M.CC,ca.spatial.reportwriter.TargetLimitReport,Target table,html;csv;png
product_Seral_area_young_CWHvm_HW_CW_H_CC,Targets for product.Seral.area.young.CWHvm_HW_CW_H.CC,ca.spatial.reportwriter.TargetLimitReport,Target table,html;csv;png
product_Seral_area_young_CWHvm_HW_CW_L_CC,Targets for product.Seral.area.young.CWHvm_HW_CW_L.CC,ca.spatial.reportwriter.TargetLimitReport,Target table,html;csv;png
product_Seral_area_young_CWHvm_HW_CW_M_CC,Targets for product.Seral.area.young.CWHvm_HW_CW_M.CC,ca.spatial.reportwriter.TargetLimitReport,Target table,html;csv;png
product_Seral_area_young_CWHvm_HW_FDC_H_CC,Targets for product.Seral.area.young.CWHvm_HW_FDC_H.CC,ca.spatial.reportwriter.TargetLimitReport,Target table,html;csv;png
product_Seral_area_young_CWHvm_HW_FDC_L_CC,Targets for product.Seral.area.young.CWHvm_HW_FDC_L.CC,ca.spatial.reportwriter.TargetLimitReport,Target table,html;csv;png
product_Seral_area_young_CWHvm_HW_SS_M_CC,Targets for product.Seral.area.young.CWHvm_HW_SS_M.CC,ca.spatial.reportwriter.TargetLimitReport,Target table,html;csv;png
product_SpeciesProp_managed_CW,Targets for product.SpeciesProp.managed.CW,ca.spatial.reportwriter.TargetLimitReport,Target table,html;csv;png
product_SpeciesProp_managed_FDC,Targets for product.SpeciesProp.managed.FDC,ca.spatial.reportwriter.TargetLimitReport,Target table,html;csv;png
product_SpeciesProp_managed_HW,Targets for product.SpeciesProp.managed.HW,ca.spatial.reportwriter.TargetLimitReport,Target table,html;csv;png
product_Treated_managed_CC,Targets for product.Treated.managed.CC,ca.spatial.reportwriter.TargetLimitReport,Target table,html;csv;png
product_Treated_managed_CWHvm_CW_HW_M_CC,Targets for product.Treated.managed.CWHvm_CW_HW_M.CC,ca.spatial.reportwriter.TargetLimitReport,Target table,html;csv;png
product_Treated_managed_CWHvm_DR_HW_M_CC,Targets for product.Treated.managed.CWHvm_DR_HW_M.CC,ca.spatial.reportwriter.TargetLimitReport,Target table,html;csv;png
product_Treated_managed_CWHvm_FDC_HW_H_CC,Targets for product.Treated.managed.CWHvm_FDC_HW_H.CC,ca.spatial.reportwriter.TargetLimitReport,Target table,html;csv;png
product_Treated_managed_CWHvm_FDC_HW_L_CC,Targets for product.Treated.managed.CWHvm_FDC_HW_L.CC,ca.spatial.reportwriter.TargetLimitReport,Target table,html;csv;png
product_Treated_managed_CWHvm_FDC_HW_M_CC,Targets for product.Treated.managed.CWHvm_FDC_HW_M.CC,ca.spatial.reportwriter.TargetLimitReport,Target table,html;csv;png
product_Treated_managed_CWHvm_HW_BA_M_CC,Targets for product.Treated.managed.CWHvm_HW_BA_M.CC,ca.spatial.reportwriter.TargetLimitReport,Target table,html;csv;png
product_Treated_managed_CWHvm_HW_CW_H_CC,Targets for product.Treated.managed.CWHvm_HW_CW_H.CC,ca.spatial.reportwriter.TargetLimitReport,Target table,html;csv;png
product_Treated_managed_CWHvm_HW_CW_L_CC,Targets for product.Treated.managed.CWHvm_HW_CW_L.CC,ca.spatial.reportwriter.TargetLimitReport,Target table,html;csv;png
product_Treated_managed_CWHvm_HW_CW_M_CC,Targets for product.Treated.managed.CWHvm_HW_CW_M.CC,ca.spatial.reportwriter.TargetLimitReport,Target table,html;csv;png
product_Treated_managed_CWHvm_HW_FDC_H_CC,Targets for product.Treated.managed.CWHvm_HW_FDC_H.CC,ca.spatial.reportwriter.TargetLimitReport,Target table,html;csv;png
product_Treated_managed_CWHvm_HW_FDC_L_CC,Targets for product.Treated.managed.CWHvm_HW_FDC_L.CC,ca.spatial.reportwriter.TargetLimitReport,Target table,html;csv;png
product_Treated_managed_CWHvm_HW_SS_M_CC,Targets for product.Treated.managed.CWHvm_HW_SS_M.CC,ca.spatial.reportwriter.TargetLimitReport,Target table,html;csv;png
product_Yield_managed_CW,Targets for product.Yield.managed.CW,ca.spatial.reportwriter.TargetLimitReport,Target table,html;csv;png
product_Yield_managed_FDC,Targets for product.Yield.managed.FDC,ca.spatial.reportwriter.TargetLimitReport,Target table,html;csv;png
product_Yield_managed_HW,Targets for product.Yield.managed.HW,ca.spatial.reportwriter.TargetLimitReport,Target table,html;csv;png
product_Yield_managed_Total,Targets for product.Yield.managed.Total,ca.spatial.reportwriter.TargetLimitReport,Target table,html;csv;png
value_grevenue_CW,Targets for value.grevenue.CW,ca.spatial.reportwriter.TargetLimitReport,Target table,html;csv;png
value_grevenue_FDC,Targets for value.grevenue.FDC,ca.spatial.reportwriter.TargetLimitReport,Target table,html;csv;png
value_grevenue_HW,Targets for value.grevenue.HW,ca.spatial.reportwriter.TargetLimitReport,Target table,html;csv;png
value_grevenue_total,Targets for value.grevenue.total,ca.spatial.reportwriter.TargetLimitReport,Target table,html;csv;png
value_harvcost_total,Targets for value.harvcost.total,ca.spatial.reportwriter.TargetLimitReport,Target table,html;csv;png
value_nrevenue_total,Targets for value.nrevenue.total,ca.spatial.reportwriter.TargetLimitReport,Target table,html;csv;png
value_stumpage_CW,Targets for value.stumpage.CW,ca.spatial.reportwriter.TargetLimitReport,Target table,html;csv;png
value_stumpage_FDC,Targets for value.stumpage.FDC,ca.spatial.reportwriter.TargetLimitReport,Target table,html;csv;png
value_stumpage_HW,Targets for value.stumpage.HW,ca.spatial.reportwriter.TargetLimitReport,Target table,html;csv;png
value_stumpage_total,Targets for value.stumpage.total,ca.spatial.reportwriter.TargetLimitReport,Target table,html;csv;png
