BLOCK,DELTA,AGE,TYPE,TREATMENT
1,47,104,MANAGED,CC
1,157,110,MANAGED,CC
1,270,113,MANAGED,CC
2,23,80,MANAGED,CC
2,106,83,MANAGED,CC
2,189,83,MANAGED,CC
2,269,80,MANAGED,CC
4,44,101,MANAGED,CC
4,145,101,MANAGED,CC
4,250,105,MANAGED,CC
5,34,81,MANAGED,CC
5,115,81,MANAGED,CC
5,196,81,MANAGED,CC
5,280,84,MANAGED,CC
9,30,87,MANAGED,CC
9,113,83,MANAGED,CC
9,193,80,MANAGED,CC
9,270,77,MANAGED,CC
11,43,100,MANAGED,CC
11,148,105,MANAGED,CC
11,250,102,MANAGED,CC
15,1,128,MANAGED,CC
15,101,100,MANAGED,CC
15,201,100,MANAGED,CC
15,300,99,MANAGED,CC
16,3,130,MANAGED,CC
16,140,137,MANAGED,CC
16,280,140,MANAGED,CC
17,63,130,MANAGED,CC
17,177,114,MANAGED,CC
17,290,113,MANAGED,CC
18,1,408,MANAGED,CC
18,141,140,MANAGED,CC
18,280,139,MANAGED,CC
19,10,137,MANAGED,CC
19,152,142,MANAGED,CC
19,300,148,MANAGED,CC
21,81,148,MANAGED,CC
21,171,90,MANAGED,CC
21,250,79,MANAGED,CC
22,11,68,MANAGED,CC
22,74,63,MANAGED,CC
22,141,67,MANAGED,CC
22,211,70,MANAGED,CC
22,280,69,MANAGED,CC
25,30,87,MANAGED,CC
25,120,90,MANAGED,CC
25,210,90,MANAGED,CC
25,300,90,MANAGED,CC
27,1,208,MANAGED,CC
27,91,90,MANAGED,CC
27,180,89,MANAGED,CC
27,270,90,MANAGED,CC
30,11,118,MANAGED,CC
30,108,97,MANAGED,CC
30,202,94,MANAGED,CC
30,290,88,MANAGED,CC
31,1,358,MANAGED,CC
31,141,140,MANAGED,CC
31,280,139,MANAGED,CC
35,33,90,MANAGED,CC
35,120,87,MANAGED,CC
35,210,90,MANAGED,CC
35,300,90,MANAGED,CC
38,1,408,MANAGED,CC
38,134,133,MANAGED,CC
38,270,136,MANAGED,CC
39,101,148,MANAGED,CC
39,250,149,MANAGED,CC
43,37,84,MANAGED,CC
43,123,86,MANAGED,CC
43,212,89,MANAGED,CC
43,300,88,MANAGED,CC
44,19,76,MANAGED,CC
44,99,80,MANAGED,CC
44,180,81,MANAGED,CC
44,270,90,MANAGED,CC
45,11,118,MANAGED,CC
45,109,98,MANAGED,CC
45,206,97,MANAGED,CC
45,300,94,MANAGED,CC
47,3,80,MANAGED,CC
47,88,85,MANAGED,CC
47,177,89,MANAGED,CC
47,259,82,MANAGED,CC
48,71,114,MANAGED,CC
48,191,120,MANAGED,CC
48,270,79,MANAGED,CC
50,1,238,MANAGED,CC
50,131,130,MANAGED,CC
50,280,149,MANAGED,CC
51,51,154,MANAGED,CC
51,159,108,MANAGED,CC
51,260,101,MANAGED,CC
52,11,414,MANAGED,CC
52,157,146,MANAGED,CC
52,300,143,MANAGED,CC
54,54,101,MANAGED,CC
54,155,101,MANAGED,CC
54,260,105,MANAGED,CC
56,36,83,MANAGED,CC
56,125,89,MANAGED,CC
56,211,86,MANAGED,CC
56,300,89,MANAGED,CC
59,1,358,MANAGED,CC
59,155,154,MANAGED,CC
59,300,145,MANAGED,CC
62,40,87,MANAGED,CC
62,120,80,MANAGED,CC
62,208,88,MANAGED,CC
62,290,82,MANAGED,CC
63,60,107,MANAGED,CC
63,170,110,MANAGED,CC
63,280,110,MANAGED,CC
66,46,103,MANAGED,CC
66,146,100,MANAGED,CC
66,250,104,MANAGED,CC
67,40,87,MANAGED,CC
67,122,82,MANAGED,CC
67,208,86,MANAGED,CC
67,290,82,MANAGED,CC
69,25,72,MANAGED,CC
69,105,80,MANAGED,CC
69,185,80,MANAGED,CC
69,260,75,MANAGED,CC
70,12,139,MANAGED,CC
70,154,142,MANAGED,CC
70,290,136,MANAGED,CC
72,21,122,MANAGED,CC
72,100,79,MANAGED,CC
72,180,80,MANAGED,CC
72,270,90,MANAGED,CC
75,102,149,MANAGED,CC
75,250,148,MANAGED,CC
77,55,112,MANAGED,CC
77,166,111,MANAGED,CC
77,280,114,MANAGED,CC
78,43,90,MANAGED,CC
78,140,97,MANAGED,CC
78,240,100,MANAGED,CC
80,13,140,MANAGED,CC
80,145,132,MANAGED,CC
80,280,135,MANAGED,CC
81,1,308,MANAGED,CC
81,148,147,MANAGED,CC
81,290,142,MANAGED,CC
82,63,120,MANAGED,CC
82,184,121,MANAGED,CC
82,290,106,MANAGED,CC
84,30,87,MANAGED,CC
84,116,86,MANAGED,CC
84,196,80,MANAGED,CC
84,280,84,MANAGED,CC
85,33,90,MANAGED,CC
85,122,89,MANAGED,CC
85,205,83,MANAGED,CC
85,290,85,MANAGED,CC
86,33,130,MANAGED,CC
86,162,129,MANAGED,CC
86,290,128,MANAGED,CC
87,52,109,MANAGED,CC
87,160,108,MANAGED,CC
87,259,99,MANAGED,CC
89,21,128,MANAGED,CC
89,109,88,MANAGED,CC
89,198,89,MANAGED,CC
89,280,82,MANAGED,CC
90,20,77,MANAGED,CC
90,111,91,MANAGED,CC
90,204,93,MANAGED,CC
90,300,96,MANAGED,CC
92,1,238,MANAGED,CC
92,98,97,MANAGED,CC
92,196,98,MANAGED,CC
92,290,94,MANAGED,CC
97,31,88,MANAGED,CC
97,120,89,MANAGED,CC
97,208,88,MANAGED,CC
97,290,82,MANAGED,CC
99,8,115,MANAGED,CC
99,128,120,MANAGED,CC
99,250,122,MANAGED,CC
106,49,114,MANAGED,CC
106,167,118,MANAGED,CC
106,280,113,MANAGED,CC
107,1,358,MANAGED,CC
107,140,139,MANAGED,CC
107,280,140,MANAGED,CC
109,121,178,MANAGED,CC
109,240,119,MANAGED,CC
110,41,108,MANAGED,CC
110,134,93,MANAGED,CC
110,230,96,MANAGED,CC
112,68,115,MANAGED,CC
112,180,112,MANAGED,CC
112,290,110,MANAGED,CC
113,61,108,MANAGED,CC
113,140,79,MANAGED,CC
113,220,80,MANAGED,CC
114,71,118,MANAGED,CC
114,201,130,MANAGED,CC
114,290,89,MANAGED,CC
115,110,147,MANAGED,CC
115,260,150,MANAGED,CC
119,50,107,MANAGED,CC
119,167,117,MANAGED,CC
119,280,113,MANAGED,CC
121,57,114,MANAGED,CC
121,167,110,MANAGED,CC
121,269,102,MANAGED,CC
122,1,128,MANAGED,CC
122,101,100,MANAGED,CC
122,201,100,MANAGED,CC
122,300,99,MANAGED,CC
123,35,82,MANAGED,CC
123,117,82,MANAGED,CC
123,200,83,MANAGED,CC
123,280,80,MANAGED,CC
125,31,138,MANAGED,CC
125,162,131,MANAGED,CC
125,300,138,MANAGED,CC
126,77,124,MANAGED,CC
126,197,120,MANAGED,CC
126,300,103,MANAGED,CC
127,51,98,MANAGED,CC
127,143,92,MANAGED,CC
127,240,97,MANAGED,CC
128,32,89,MANAGED,CC
128,117,85,MANAGED,CC
128,200,83,MANAGED,CC
128,280,80,MANAGED,CC
129,1,128,MANAGED,CC
129,93,92,MANAGED,CC
129,187,94,MANAGED,CC
129,280,93,MANAGED,CC
132,1,108,MANAGED,CC
132,91,90,MANAGED,CC
132,181,90,MANAGED,CC
132,270,89,MANAGED,CC
133,20,77,MANAGED,CC
133,115,95,MANAGED,CC
133,207,92,MANAGED,CC
133,300,93,MANAGED,CC
134,64,111,MANAGED,CC
134,194,130,MANAGED,CC
134,290,96,MANAGED,CC
135,19,76,MANAGED,CC
135,99,80,MANAGED,CC
135,180,81,MANAGED,CC
135,270,90,MANAGED,CC
136,13,70,MANAGED,CC
136,78,65,MANAGED,CC
136,141,63,MANAGED,CC
136,202,61,MANAGED,CC
136,260,58,MANAGED,CC
137,50,97,MANAGED,CC
137,162,112,MANAGED,CC
137,270,108,MANAGED,CC
140,37,90,MANAGED,CC
140,120,83,MANAGED,CC
140,200,80,MANAGED,CC
140,280,80,MANAGED,CC
141,44,101,MANAGED,CC
141,151,107,MANAGED,CC
141,250,99,MANAGED,CC
145,31,138,MANAGED,CC
145,158,127,MANAGED,CC
145,280,122,MANAGED,CC
146,9,66,MANAGED,CC
146,88,79,MANAGED,CC
146,164,76,MANAGED,CC
146,234,70,MANAGED,CC
146,294,60,MANAGED,CC
147,27,84,MANAGED,CC
147,114,87,MANAGED,CC
147,197,83,MANAGED,CC
147,280,83,MANAGED,CC
148,38,85,MANAGED,CC
148,128,90,MANAGED,CC
148,217,89,MANAGED,CC
148,300,83,MANAGED,CC
149,71,118,MANAGED,CC
149,190,119,MANAGED,CC
149,300,110,MANAGED,CC
150,41,128,MANAGED,CC
150,169,128,MANAGED,CC
150,290,121,MANAGED,CC
154,71,138,MANAGED,CC
154,177,106,MANAGED,CC
154,260,83,MANAGED,CC
161,1,128,MANAGED,CC
161,101,100,MANAGED,CC
161,201,100,MANAGED,CC
161,300,99,MANAGED,CC
162,31,90,MANAGED,CC
162,120,89,MANAGED,CC
162,208,88,MANAGED,CC
162,290,82,MANAGED,CC
163,54,111,MANAGED,CC
163,184,130,MANAGED,CC
163,300,116,MANAGED,CC
166,128,175,MANAGED,CC
166,300,172,MANAGED,CC
167,12,69,MANAGED,CC
167,82,70,MANAGED,CC
167,154,72,MANAGED,CC
167,226,72,MANAGED,CC
167,290,64,MANAGED,CC
168,11,118,MANAGED,CC
168,100,89,MANAGED,CC
168,181,81,MANAGED,CC
168,260,79,MANAGED,CC
169,31,88,MANAGED,CC
169,120,89,MANAGED,CC
169,210,90,MANAGED,CC
169,290,80,MANAGED,CC
170,11,114,MANAGED,CC
170,91,80,MANAGED,CC
170,170,79,MANAGED,CC
170,250,80,MANAGED,CC
171,1,308,MANAGED,CC
171,151,150,MANAGED,CC
171,300,149,MANAGED,CC
173,31,208,MANAGED,CC
173,144,113,MANAGED,CC
173,260,116,MANAGED,CC
175,21,78,MANAGED,CC
175,90,69,MANAGED,CC
175,160,70,MANAGED,CC
175,231,71,MANAGED,CC
175,300,69,MANAGED,CC
176,41,168,MANAGED,CC
176,147,106,MANAGED,CC
176,250,103,MANAGED,CC
177,1,128,MANAGED,CC
177,94,93,MANAGED,CC
177,186,92,MANAGED,CC
177,280,94,MANAGED,CC
178,50,107,MANAGED,CC
178,156,106,MANAGED,CC
178,257,101,MANAGED,CC
180,41,88,MANAGED,CC
180,129,88,MANAGED,CC
180,215,86,MANAGED,CC
180,300,85,MANAGED,CC
184,22,79,MANAGED,CC
184,100,78,MANAGED,CC
184,180,80,MANAGED,CC
184,270,90,MANAGED,CC
185,130,167,MANAGED,CC
185,300,170,MANAGED,CC
187,15,92,MANAGED,CC
187,107,92,MANAGED,CC
187,200,93,MANAGED,CC
187,290,90,MANAGED,CC
190,41,88,MANAGED,CC
190,130,89,MANAGED,CC
190,218,88,MANAGED,CC
190,300,82,MANAGED,CC
192,51,108,MANAGED,CC
192,141,90,MANAGED,CC
192,230,89,MANAGED,CC
196,23,90,MANAGED,CC
196,105,82,MANAGED,CC
196,188,83,MANAGED,CC
196,270,82,MANAGED,CC
200,31,268,MANAGED,CC
200,166,135,MANAGED,CC
200,300,134,MANAGED,CC
202,21,78,MANAGED,CC
202,84,63,MANAGED,CC
202,150,66,MANAGED,CC
202,210,60,MANAGED,CC
202,270,60,MANAGED,CC
203,14,91,MANAGED,CC
203,105,91,MANAGED,CC
203,200,95,MANAGED,CC
203,300,100,MANAGED,CC
204,54,111,MANAGED,CC
204,184,130,MANAGED,CC
204,300,116,MANAGED,CC
205,23,130,MANAGED,CC
205,160,137,MANAGED,CC
205,290,130,MANAGED,CC
206,1,108,MANAGED,CC
206,83,82,MANAGED,CC
206,167,84,MANAGED,CC
206,250,83,MANAGED,CC
207,41,98,MANAGED,CC
207,132,91,MANAGED,CC
207,230,98,MANAGED,CC
208,36,83,MANAGED,CC
208,117,81,MANAGED,CC
208,200,83,MANAGED,CC
208,280,80,MANAGED,CC
209,1,308,MANAGED,CC
209,141,140,MANAGED,CC
209,280,139,MANAGED,CC
211,1,128,MANAGED,CC
211,100,99,MANAGED,CC
211,190,90,MANAGED,CC
211,280,90,MANAGED,CC
213,19,76,MANAGED,CC
213,99,80,MANAGED,CC
213,180,81,MANAGED,CC
213,270,90,MANAGED,CC
216,1,108,MANAGED,CC
216,99,98,MANAGED,CC
216,198,99,MANAGED,CC
216,290,92,MANAGED,CC
217,93,150,MANAGED,CC
217,250,157,MANAGED,CC
